task,2018,2019,2020,2021,2022,2023,2024,2025,2026,lifetime,recent_2025_2026,recent_share
Automatic speech recognition,0,0,1,2,1,1,1,3,8,17,11,0.6470588235294118
Large language model,0,0,0,0,0,1,3,2,6,12,8,0.6666666666666666
Text-to-speech,0,0,0,1,0,2,1,0,7,11,7,0.6363636363636364
Machine translation,0,0,0,0,1,1,2,3,2,9,5,0.5555555555555556
Embeddings / dense retrieval,1,0,0,0,0,0,0,2,3,6,5,0.8333333333333334
Question answering,0,0,0,0,0,1,1,2,2,6,4,0.6666666666666666
Instruction following,0,0,0,0,0,0,1,1,3,5,4,0.8
OCR,0,0,0,0,0,0,0,2,2,4,4,1.0
Named entity recognition,0,0,0,0,0,1,0,2,0,3,2,0.6666666666666666
Sentiment classification,0,0,0,0,0,1,0,0,2,3,2,0.6666666666666666
Text generation,0,0,0,0,0,1,0,0,2,3,2,0.6666666666666666
Grammar correction,0,0,0,0,0,0,0,0,2,2,2,1.0
Text classification,0,0,0,0,0,0,0,2,0,2,2,1.0
Vision-language modelling,0,0,0,0,0,0,0,2,0,2,2,1.0
Masked language modelling / encoder,0,0,0,0,0,2,2,1,0,5,1,0.2
Image captioning,0,0,0,0,0,1,0,1,0,2,1,0.5
Keyword spotting,0,0,0,0,0,1,0,1,0,2,1,0.5
Audio-vision-language modelling,0,0,0,0,0,0,0,0,1,1,1,1.0
Language identification,0,0,0,0,0,0,0,1,0,1,1,1.0
Morphological analysis,0,0,0,0,0,0,0,0,1,1,1,1.0
POS tagging,0,0,0,0,0,0,0,1,0,1,1,1.0
Target-speaker ASR,0,0,0,0,0,0,0,0,1,1,1,1.0
Text-to-image,0,0,0,0,0,0,0,0,1,1,1,1.0
Transliteration,0,0,0,0,0,0,0,1,0,1,1,1.0
