year,model,variant_or_voice,metric,value,better_direction,evaluation_scope,source_type,source_url,cross_family_comparable,notes
2021,KazakhTTS,Tacotron 2 / female F1,MOS,4.535,higher,KazakhTTS-2021 listening study,paper,https://arxiv.org/abs/2104.08459,False,95% CI ±0.049; 50 native listeners and 50 held-out sentences in the female-speaker session.
2021,KazakhTTS,Tacotron 2 / male M1,MOS,4.144,higher,KazakhTTS-2021 listening study,paper,https://arxiv.org/abs/2104.08459,False,95% CI ±0.063; 50 native listeners and 50 held-out sentences in the male-speaker session.
2021,KazakhTTS,Transformer / female F1,MOS,4.436,higher,KazakhTTS-2021 listening study,paper,https://arxiv.org/abs/2104.08459,False,95% CI ±0.057; directly comparable with the other KazakhTTS rows only.
2021,KazakhTTS,Transformer / male M1,MOS,3.907,higher,KazakhTTS-2021 listening study,paper,https://arxiv.org/abs/2104.08459,False,95% CI ±0.076; directly comparable with the other KazakhTTS rows only.
2023,TurkicTTS,Kazakh,MOS,4.18,higher,TurkicTTS-2023 multilingual survey,paper,https://arxiv.org/abs/2305.15749,False,151 Kazakh raters; different listening protocol from KazakhTTS and KazEmoTTS.
2023,TurkicTTS,Kazakh,Comprehensibility (%),97.0,higher,TurkicTTS-2023 multilingual survey,paper,https://arxiv.org/abs/2305.15749,False,Percentage of correct answers in the study's comprehension task.
2023,TurkicTTS,Kazakh,Intelligibility (%),80.0,higher,TurkicTTS-2023 multilingual survey,paper,https://arxiv.org/abs/2305.15749,False,Semantically unpredictable sentence transcription task.
2024,KazEmoTTS,female F1,MOS,3.55,higher,KazEmoTTS-2024 emotional-TTS study,paper,https://arxiv.org/abs/2404.01033,False,Synthesized emotional speech; 64 survey participants across the study.
2024,KazEmoTTS,male M1,MOS,3.51,higher,KazEmoTTS-2024 emotional-TTS study,paper,https://arxiv.org/abs/2404.01033,False,Synthesized emotional speech; 64 survey participants across the study.
2024,KazEmoTTS,male M2,MOS,3.57,higher,KazEmoTTS-2024 emotional-TTS study,paper,https://arxiv.org/abs/2404.01033,False,Synthesized emotional speech; 64 survey participants across the study.
2024,KazEmoTTS,female F1,Average MCD,6.02,lower,KazEmoTTS-2024 emotional-TTS study,paper,https://arxiv.org/abs/2404.01033,False,Average mel-cepstral distortion across six emotions.
2024,KazEmoTTS,male M1,Average MCD,7.67,lower,KazEmoTTS-2024 emotional-TTS study,paper,https://arxiv.org/abs/2404.01033,False,Average mel-cepstral distortion across six emotions.
2024,KazEmoTTS,male M2,Average MCD,7.24,lower,KazEmoTTS-2024 emotional-TTS study,paper,https://arxiv.org/abs/2404.01033,False,Average mel-cepstral distortion across six emotions.
2026,Chatterbox Multilingual Kazakh,"t3 step 6,000",Median round-trip CER (%),7.4,lower,Chatterbox model-card FLEURS round-trip,model card,https://huggingface.co/Tohirju/chatterbox-mtl-kazakh,False,Whisper-large-v3 transcription of 60 synthesized FLEURS-kk samples; mean CER is 10.2%.
2026,CosyVoice3 Kazakh,"selected step 40,000",Mean round-trip WER (%),37.6,lower,CosyVoice3 model-card FLEURS round-trip,model card,https://huggingface.co/Tohirju/cosyvoice3-kazakh-499k,False,Whisper-large-v3 transcription; final-step WER is 43.6%.
